overlap_size	pvals
1	1.0
2	0.7337733518709412
3	0.44121231597997174
4	0.17795831216986693
5	0.042465374753357675
6	0.00439019939730079
