overlap_size	pvals
1	1.0
2	0.04068851717272221
3	0.0006191894033372969
4	1.6082841645124594e-06
5	0.0
6	0.0
