overlap_size	pvals
1	1.0
2	0.6815807880624855
3	0.3237701095826533
4	0.09597808346934017
5	0.015609699230589882
6	0.0011774306365120075
