overlap_size	pvals
1	1.0
2	0.04838220505371366
3	0.0009953731680230954
4	1.1401754501982766e-05
5	0.0
6	0.0
