overlap_size	pvals
1	1.0
2	0.7828886457368909
3	0.5197233678422131
4	0.23899503408803974
5	0.06454282748365738
6	0.007967903936256768
