overlap_size	pvals
1	1.0
2	0.7573630529452212
3	0.4643307357322943
4	0.18987795095118037
5	0.04519539307815723
6	0.004598326839330736
