overlap_size	pvals
1	1.0
2	0.6979763091402211
3	0.34635712464359397
4	0.10997009666427131
5	0.01971533878856719
6	0.0016342520688935765
