overlap_size	pvals
1	1.0
2	0.011914498050958488
3	3.562851123026869e-05
4	0.0
5	0.0
6	0.0
