overlap_size	pvals
1	1.0
2	0.7711857203569911
3	0.4958776030599235
4	0.21600793313500496
5	0.055177787221986116
6	0.006474004816546253
