overlap_size	pvals
1	1.0
2	0.7654945898679103
3	0.48345679714492895
4	0.20619641409904593
5	0.05137137250998848
6	0.005843795765736304
