overlap_size	pvals
1	1.0
2	0.739982441132772
3	0.3999369681689253
4	0.14213677907343208
5	0.028758272927828555
6	0.002510017558867228
