overlap_size	pvals
1	1.0
2	0.06750843421791841
3	0.0013163258128022803
4	8.672717653894965e-06
5	0.0
6	0.0
