overlap_size	pvals
1	1.0
2	0.7729211087420043
3	0.45249200426439234
4	0.17790511727078892
5	0.041244669509594885
6	0.004408759772565743
