overlap_size	pvals
1	1.0
2	0.0067070068058540004
3	1.909548077365902e-05
4	0.0
5	0.0
6	0.0
