overlap_size	pvals
1	1.0
2	0.023503590109519048
3	0.0001586401544352347
4	6.371090539567658e-07
5	0.0
6	0.0
