protein	cancers	mean_simp_change	num_cancers	overlap_size	pvals	adj_p
CNOT8	brca_luad	1	2	2	0.0017774617845716315	0.0017774617845716315
ATP6V1A	colon_luad	-1	2	2	0.0017774617845716315	0.0017774617845716315
ATP6V1E1	colon_luad	-1	2	2	0.0017774617845716315	0.0017774617845716315
ATP6V1H	colon_luad	-1	2	2	0.0017774617845716315	0.0017774617845716315
HIST1H1D	hnscc_luad	-1	2	2	0.0017774617845716315	0.0017774617845716315
