overlap_size	pvals
1	1.0
2	0.012048706977117848
3	4.227417572645984e-05
4	1.6197002194045918e-07
5	0.0
6	0.0
