overlap_size	pvals
1	1.0
2	0.008316707429742196
3	1.2133587329761437e-05
4	0.0
5	0.0
6	0.0
